<core:FragmentDefinition
	xmlns="sap.m"
	xmlns:l="sap.ui.layout"
	xmlns:f="sap.ui.layout.form"
	xmlns:core="sap.ui.core"
    xmlns:html="http://www.w3.org/1999/xhtml">     
    <VBox id="idVBox" width="50%">
		<f:Form id="FormChange354"  binding="{/PreRegistro}"
        class="clsFormEstilo"
			editable="false">
			<f:title>
				<core:Title text="{i18n>title}"/>
			</f:title>        
            
            <f:layout>
				<f:ResponsiveGridLayout
					labelSpanXL="3"
					labelSpanL="3"
					labelSpanM="3"
					labelSpanS="12"
					adjustLabelSpan="false"
					emptySpanXL="4"
					emptySpanL="4"
					emptySpanM="4"
					emptySpanS="0"
					columnsXL="1"
					columnsL="1"
					columnsM="1"
					singleContainerFullSize="false" />
			</f:layout>
               <f:formContainers>
                    <f:FormContainer>
                        <f:formElements>
                            <f:FormElement label="{i18n>pais}">
                                <f:fields>
                                    <ComboBox id="cboMainPais" items="{
										path: '/Paises',length : 500
									}"
                                    selectedKey="{Land1}"
                                    change="changePais"
                                    >
											<core:ListItem key="{Land1}" text="{Landx50}" additionalText = "{Land1}"></core:ListItem>
                                            <layoutData>
										        <l:GridData span="XL3 L3 M3 S12" />
									        </layoutData>
                                    </ComboBox>
                                </f:fields>
                            </f:FormElement>
                            <f:FormElement label="{i18n>tipoDocumento}">
                                <f:fields>
                                    <ComboBox id="idcboTiposDocumento" items="{
										path: '/TiposDocumento',length : 500
									}"
                                    selectedKey="{Stcdt}"
                                    change="changeTipoDoc"
                                    >
											<core:ListItem key="{Tipodocumento}" text="{Descripcion}" additionalText = "{Tipodocumento}"></core:ListItem>
                                            <layoutData>
										        <l:GridData span="XL3 L3 M3 S12" />
									        </layoutData>
                                    </ComboBox>
                                </f:fields>
                            </f:FormElement>
                            <f:FormElement label="{i18n>nif}">
                                <f:fields>
                                    <Input id="txtNif" value="{Taxnumxl}" change="validarNif" maxLength="60"/>
                                    <ObjectStatus id="txtEstadoRazonSocial" text="" state="None" class="sapUiTinyMarginTop">
                                        <layoutData>
                                            <l:GridData span="XL1 L2 M2 S4" />
                                        </layoutData>
                                    </ObjectStatus>
                                </f:fields>
                            </f:FormElement>

                               <f:FormElement label="{i18n>razonsocial}">
                                <f:fields>
                                    <Input id="txtRazonSocial" value="{Name1}" maxLength="160"/>
                                </f:fields>
                            </f:FormElement>

                             <f:FormElement label="{i18n>representantelegal}">
                                <f:fields>
                                    <Input id="txtRepresentanteLegal" value="{Representante}" maxLength="40"/>
                                </f:fields>
                            </f:FormElement>
                        
                             <f:FormElement label="{i18n>identificacion}">
                                <f:fields>
                                    <Input id="txtIdentificacion" value="{Identificacion}" maxLength="15"/>
                                </f:fields>
                            </f:FormElement>
                             <f:FormElement label="{i18n>correocorporativo}">
                                <f:fields>
                                    <Input id="txtCorreoCorporativo" liveChange="onValidarCorreo" value="{Correo}" maxLength="99"/>
                              </f:fields>                            
                            </f:FormElement>
                            <f:FormElement label="{i18n>telefono}">
                                <f:fields>
                                    <Input id="txtTelefono" value="{Telefono}" maxLength="30" type="Number" liveChange="changeOnlyNumber"/>
                              </f:fields>                            
                            </f:FormElement>
                            <!-- <f:FormElement label="{i18n>contrasena}">
                                <f:fields>
                                    <Input id="txtcontra" type="Password" value=""/>
                              </f:fields>                            
                            </f:FormElement> -->
                            <f:FormElement label="{i18n>preguntaSuminis}">
                                <f:fields >
                                       <Select id="slSucursal" width="250px" change=".onSelectSucursal" items="{path: '/Sucursal'}" >
                                          <core:Item key="{Sucursalescosapi}" text="{Descripcionsucursal}" />
                                       </Select>
                                </f:fields>  
                            </f:FormElement>

                            <f:FormElement label="">
                                <f:fields>
                                    <FlexBox
                                        width="100%"
                                        height="100%"
                                        alignItems="Center"
                                        justifyContent="SpaceAround"
                                        direction="Column"
                                    >   
                                        <html:div id="recaptchaGoogle" class="g-recaptcha" data-sitekey="6Lfacq4pAAAAADSI50A3JOVZ8IuRxuBQw_QOeTqj" style="transform:scale(0.7);-webkit-transform:scale(0.7);transform-origin:0 0;-webkit-transform-origin:0 0; margin-left: 70px;"></html:div>
                                        <Button type="Emphasized"
                                                width="250px"
                                                text="{i18n>regisLogin}"
                                                press="onGuardarPreRegistro"
                                                ariaDescribedBy="acceptButtonDescription genericButtonDescription">
                                        </Button>
                                    </FlexBox>
                              </f:fields>                            
                            </f:FormElement>                            
                        </f:formElements>                        
                    </f:FormContainer>                    
                </f:formContainers>             
            </f:Form>
        </VBox>
</core:FragmentDefinition>
