<c:FragmentDefinition
	xmlns="sap.m"
	xmlns:c="sap.ui.core"
    xmlns:card="sap.f.cards"
    xmlns:f="sap.f"
>
<VBox class="sapUiSmallMargin">
			
				<f:Card class="sapUiMediumMargin" width="100%" height="400px">
					<f:header>
						<card:Header title="Ultimas 5 facturas" />
					</f:header>
					<f:content>
					<ScrollContainer
						height="100%"
						width="100%"
						vertical="true"
						focusable="true">
						<List
							class="sapUiSmallMarginBottom"
							showSeparators="None"
							items="{
								path: '/ListaFacturasMini'
							}">
							<CustomListItem type="Navigation" press="onIrDetailListaFacturas">
								<HBox alignItems="Center" justifyContent="SpaceAround">
									<VBox class="sapUiSmallMarginBegin sapUiSmallMarginTopBottom" >
										<c:Icon
											src="sap-icon://document"
											size="3rem"
											color="#031E48" >
											<c:layoutData>
												<FlexItemData growFactor="1" />
											</c:layoutData>
										</c:Icon>
									</VBox>
									<VBox class="sapUiTinyMarginBegin sapUiSmallMarginTopBottom" >
										<Title  text="{i18n>numFactura} {Seriecorrelativo}" titleStyle="H4"/>
										<Text text="{
											path: 'fecha',
											type: 'sap.ui.model.type.Date',
											formatOptions: {
												pattern: 'yyyy.MM.dd', UTC: 'true'
											}
										}" />
										
										<ObjectStatus
										class="sapUiTinyMargin sapUiSmallMarginEnd"
										text="{Descripcioncodigoestado}"
										state="{Estatus}" />
									</VBox>
									<ObjectStatus
										class="sapUiTinyMargin sapUiSmallMarginEnd"
										text="{Precioincluigv} {Moneda}"
										state="{Estatus}" />
								</HBox>
							</CustomListItem>
						</List>
						</ScrollContainer>
					</f:content>
				</f:Card>
			</VBox>
</c:FragmentDefinition>