{
    "milk": [{
          "Week": "Pre Registro",
          "Estado": 15,
          "Cost": 230000.00,
          "Cost1": 24800.63,
          "Cost2": 205199.37,
          "Cost3": 199999.37,
          "Target": 500000.00,
          "Budget": 210000.00
      },
      {
          "Week": "Actualización de Datos",
          "Estado": 5,
          "Cost": 238000.00,
          "Cost1": 99200.39,
          "Cost2": 138799.61,
          "Cost3": 200199.37,
          "Target": 500000.00,
          "Budget": 224000.00
      },
      {
          "Week": "Aprobadas",
          "Estado": 11,
          "Cost": 221000.00,
          "Cost1": 70200.54,
          "Cost2": 150799.46,
          "Cost3": 80799.46,
          "Target": 500000.00,
          "Budget": 238000.00
      },
      {
          "Week": "Rechazadas",
          "Estado": 7,
          "Cost": 280000.00,
          "Cost1": 158800.73,
          "Cost2": 121199.27,
          "Cost3": 108800.46,
          "Target": 500000.00,
          "Budget": 252000.00
      }]
  }