[
    {
        "nif": "123456789",
        "razon_social": "Empresa Peruana S.A.",
        "identificacion": "RUC",
        "inicio_actividades": "01/01/2000",
        "nombre_comercial": "EmpPeru",
        "direccion": "Av. Lima 123",
        "pais": "Perú",
        "region": "Lima",
        "ciudad": "Lima",
        "comuna": "Miraflores",
        "representante_legal": "Juan Pérez",
        "pagina_web": "www.empperu.com",
        "correo_corporativo": "info@empperu.com",
        "telefono": "+51 1 2345678",
        "nombre1": "Jorge López",
        "telefono1": "+51 9 87654321",
        "correo1": "jorge@email.com",
        "grupo": "Grupo1",
        "categoria": "CategoríaA",
        "importe_activo_corriente": 100000,
        "importe_pasivo_corriente": 50000,
        "importe_pasivo_total": 80000,
        "patrimonio_neto": 200000,
        "anio1": "2023",
        "montousd1": 50000,
        "anio2": "2022",
        "montousd2": 60000,
        "anio3": "2021",
        "montousd3": 70000,
        "nombre_banco": "Banco ABC",
        "moneda": "PEN",
        "titular_nombre": "Empresa Peruana S.A.",
        "rut_nit_ruc": "123456789",
        "tipo_cuenta": "Cuenta Corriente",
        "numero_cuenta": "0123456789",
        "cuenta_interbancaria_cci": "123456789012345678901234567890",
        "correos_pagos": "pagos@empperu.com",
        "anio": "2023",
        "indice_de_frecuencia_if": 0.5,
        "indice_de_severidad_is": 0.2,
        "indice_de_accidentabilidad_ia": 0.1
    },
    {
        "nif": "987654321",
        "razon_social": "Empresa Peruana 2 S.A.C.",
        "identificacion": "RUC",
        "inicio_actividades": "01/01/2005",
        "nombre_comercial": "EmpPeru2",
        "direccion": "Calle Arequipa 456",
        "pais": "Perú",
        "region": "Lima",
        "ciudad": "Lima",
        "comuna": "San Isidro",
        "representante_legal": "María García",
        "pagina_web": "www.empperu2.com",
        "correo_corporativo": "info@empperu2.com",
        "telefono": "+51 1 9876543",
        "nombre1": "Pedro Ramirez",
        "telefono1": "+51 9 87654321",
        "correo1": "pedro@email.com",
        "grupo": "Grupo2",
        "categoria": "CategoríaB",
        "importe_activo_corriente": 150000,
        "importe_pasivo_corriente": 70000,
        "importe_pasivo_total": 100000,
        "patrimonio_neto": 250000,
        "anio1": "2023",
        "montousd1": 60000,
        "anio2": "2022",
        "montousd2": 70000,
        "anio3": "2021",
        "montousd3": 80000,
        "nombre_banco": "Banco XYZ",
        "moneda": "PEN",
        "titular_nombre": "Empresa Peruana 2 S.A.C.",
        "rut_nit_ruc": "987654321",
        "tipo_cuenta": "Cuenta Corriente",
        "numero_cuenta": "9876543210",
        "cuenta_interbancaria_cci": "987654321098765432109876543210",
        "correos_pagos": "pagos@empperu2.com",
        "anio": "2023",
        "indice_de_frecuencia_if": 0.6,
        "indice_de_severidad_is": 0.3,
        "indice_de_accidentabilidad_ia": 0.15
    },
    {
        "nif": "11111111-1",
        "razon_social": "Empresa Chile S.A.",
        "identificacion": "RUT",
        "inicio_actividades": "01/01/2003",
        "nombre_comercial": "EmpChile",
        "direccion": "Av. Santiago 789",
        "pais": "Chile",
        "region": "Metropolitana",
        "ciudad": "Santiago",
        "comuna": "Providencia",
        "representante_legal": "Andrés Martínez",
        "pagina_web": "www.empchile.cl",
        "correo_corporativo": "info@empchile.cl",
        "telefono": "+56 2 3456789",
        "nombre1": "Luisa Fernández",
        "telefono1": "+56 9 87654321",
        "correo1": "luisa@email.com",
        "grupo": "Grupo3",
        "categoria": "CategoríaC",
        "importe_activo_corriente": 200000,
        "importe_pasivo_corriente": 80000,
        "importe_pasivo_total": 120000,
        "patrimonio_neto": 280000,
        "anio1": "2023",
        "montousd1": 70000,
        "anio2": "2022",
        "montousd2": 80000,
        "anio3": "2021",
        "montousd3": 90000,
        "nombre_banco": "BancoDEF",
        "moneda": "CLP",
        "titular_nombre": "Empresa Chile S.A.",
        "rut_nit_ruc": "11111111-1",
        "tipo_cuenta": "Cuenta Corriente",
        "numero_cuenta": "111111111",
        "cuenta_interbancaria_cci": "111111111111111111111111111111",
        "correos_pagos": "pagos@empchile.cl",
        "anio": "2023",
        "indice_de_frecuencia_if": 0.7,
        "indice_de_severidad_is": 0.4,
        "indice_de_accidentabilidad_ia": 0.2
    },
    {
        "nif": "22222222-2",
        "razon_social": "Empresa Chile 2 S.A.",
        "identificacion": "RUT",
        "inicio_actividades": "01/01/2010",
        "nombre_comercial": "EmpChile2",
        "direccion": "Calle Valparaíso 123",
        "pais": "Chile",
        "region": "Valparaíso",
        "ciudad": "Viña del Mar",
        "comuna": "Reñaca",
        "representante_legal": "Laura Gómez",
        "pagina_web": "www.empchile2.cl",
        "correo_corporativo": "info@empchile2.cl",
        "telefono": "+56 32 9876543",
        "nombre1": "Carlos Rodríguez",
        "telefono1": "+56 9 87654321",
        "correo1": "carlos@email.com",
        "grupo": "Grupo4",
        "categoria": "CategoríaD",
        "importe_activo_corriente": 250000,
        "importe_pasivo_corriente": 90000,
        "importe_pasivo_total": 150000,
        "patrimonio_neto": 300000,
        "anio1": "2023",
        "montousd1": 80000,
        "anio2": "2022",
        "montousd2": 90000,
        "anio3": "2021",
        "montousd3": 100000,
        "nombre_banco": "BancoGHI",
        "moneda": "CLP",
        "titular_nombre": "Empresa Chile 2 S.A.",
        "rut_nit_ruc": "22222222-2",
        "tipo_cuenta": "Cuenta Corriente",
        "numero_cuenta": "222222222",
        "cuenta_interbancaria_cci": "222222222222222222222222222222",
        "correos_pagos": "pagos@empchile2.cl",
        "anio": "2023",
        "indice_de_frecuencia_if": 0.8,
        "indice_de_severidad_is": 0.5,
        "indice_de_accidentabilidad_ia": 0.25
    },
    {
        "nif": "33333333-3",
        "razon_social": "Empresa Chile 3 Ltda.",
        "identificacion": "RUT",
        "inicio_actividades": "01/01/2015",
        "nombre_comercial": "EmpChile3",
        "direccion": "Calle Concepción 456",
        "pais": "Chile",
        "region": "Biobío",
        "ciudad": "Concepción",
        "comuna": "Talcahuano",
        "representante_legal": "Ricardo Sánchez",
        "pagina_web": "www.empchile3.cl",
        "correo_corporativo": "info@empchile3.cl",
        "telefono": "+56 41 1234567",
        "nombre1": "Ana Pérez",
        "telefono1": "+56 9 87654321",
        "correo1": "ana@email.com",
        "grupo": "Grupo5",
        "categoria": "CategoríaE",
        "importe_activo_corriente": 300000,
        "importe_pasivo_corriente": 100000,
        "importe_pasivo_total": 180000,
        "patrimonio_neto": 320000,
        "anio1": "2023",
        "montousd1": 90000,
        "anio2": "2022",
        "montousd2": 100000,
        "anio3": "2021",
        "montousd3": 110000,
        "nombre_banco": "BancoJKL",
        "moneda": "CLP",
        "titular_nombre": "Empresa Chile 3 Ltda.",
        "rut_nit_ruc": "33333333-3",
        "tipo_cuenta": "Cuenta Corriente",
        "numero_cuenta": "333333333",
        "cuenta_interbancaria_cci": "333333333333333333333333333333",
        "correos_pagos": "pagos@empchile3.cl",
        "anio": "2023",
        "indice_de_frecuencia_if": 0.9,
        "indice_de_severidad_is": 0.6,
        "indice_de_accidentabilidad_ia": 0.3
    }
]